{"cameraMode":{"drawMode":0,"name":"Shaded","section":"Shading Mode"},"sceneLighting":true,"audioPlay":false,"sceneViewState":{"showFog":true,"showMaterialUpdate":true,"showSkybox":true,"showFlares":true,"showImageEffects":true,"showParticleSystems":true},"in2DMode":false,"pivot":{"x":15.0468168258667,"y":-7.994825839996338,"z":2.0835256576538088},"rotation":{"x":0.20077645778656007,"y":0.6395078301429749,"z":-0.1782357394695282,"w":0.7203843593597412},"size":21.16000747680664,"orthographic":false}