{"cameraMode":{"drawMode":0,"name":"Shaded","section":"Shading Mode"},"sceneLighting":true,"audioPlay":false,"sceneViewState":{"showFog":true,"showMaterialUpdate":true,"showSkybox":true,"showFlares":true,"showImageEffects":true,"showParticleSystems":true},"in2DMode":false,"pivot":{"x":357.79193115234377,"y":9.857948303222657,"z":163.62429809570313},"rotation":{"x":0.19456350803375245,"y":0.3703339099884033,"z":-0.07963808625936508,"w":0.9048045873641968},"size":44.49215316772461,"orthographic":false}