{"cameraMode":{"drawMode":0,"name":"Shaded","section":"Shading Mode"},"sceneLighting":false,"audioPlay":false,"sceneViewState":{"showFog":true,"showMaterialUpdate":true,"showSkybox":false,"showFlares":true,"showImageEffects":true,"showParticleSystems":true},"in2DMode":false,"pivot":{"x":6.322586536407471,"y":-7.435572624206543,"z":-161.88076782226563},"rotation":{"x":0.1099916473031044,"y":0.8741182684898377,"z":-0.41131481528282168,"w":0.23375236988067628},"size":3.850297689437866,"orthographic":false}