{"cameraMode":{"drawMode":0,"name":"Shaded","section":"Shading Mode"},"sceneLighting":true,"audioPlay":false,"sceneViewState":{"showFog":true,"showMaterialUpdate":true,"showSkybox":true,"showFlares":true,"showImageEffects":true,"showParticleSystems":true},"in2DMode":false,"pivot":{"x":162.9962615966797,"y":10.029057502746582,"z":198.2623748779297},"rotation":{"x":0.13012930750846864,"y":0.6707745790481567,"z":-0.72004634141922,"w":0.12123412638902664},"size":80.70066833496094,"orthographic":false}