{"cameraMode":{"drawMode":0,"name":"Shaded","section":"Shading Mode"},"sceneLighting":true,"audioPlay":false,"sceneViewState":{"showFog":true,"showMaterialUpdate":true,"showSkybox":true,"showFlares":true,"showImageEffects":true,"showParticleSystems":true},"in2DMode":false,"pivot":{"x":413.50006103515627,"y":168.5,"z":-12.931077003479004},"rotation":{"x":0.060854118317365649,"y":-0.024555416777729989,"z":0.0015015417011454702,"w":0.9978653192520142},"size":651.9908447265625,"orthographic":false}