{"cameraMode":{"drawMode":0,"name":"Shaded","section":"Shading Mode"},"sceneLighting":true,"audioPlay":false,"sceneViewState":{"showFog":true,"showMaterialUpdate":true,"showSkybox":true,"showFlares":true,"showImageEffects":true,"showParticleSystems":true},"in2DMode":false,"pivot":{"x":250.25994873046876,"y":1.9814910888671876,"z":176.96876525878907},"rotation":{"x":0.22176751494407655,"y":0.6185376644134522,"z":-0.18788790702819825,"w":0.730049192905426},"size":123.53984069824219,"orthographic":false}