{"cameraMode":{"drawMode":0,"name":"Shaded","section":"Shading Mode"},"sceneLighting":true,"audioPlay":false,"sceneViewState":{"showFog":true,"showMaterialUpdate":true,"showSkybox":true,"showFlares":true,"showImageEffects":true,"showParticleSystems":true},"in2DMode":false,"pivot":{"x":258.1439208984375,"y":1.1782174110412598,"z":103.79681396484375},"rotation":{"x":0.0033874206710606815,"y":0.9956256151199341,"z":-0.08474097400903702,"w":0.03974581137299538},"size":8.37310791015625,"orthographic":false}